{"cameraMode":{"drawMode":0,"name":"Shaded","section":"Shading Mode"},"sceneLighting":false,"audioPlay":false,"sceneViewState":{"showFog":true,"showMaterialUpdate":false,"showSkybox":true,"showFlares":true,"showImageEffects":true,"showParticleSystems":true},"in2DMode":false,"pivot":{"x":-1.281000018119812,"y":4.058000087738037,"z":-1.11899995803833},"rotation":{"x":-0.4539727568626404,"y":-0.17770572006702424,"z":0.09292471408843994,"w":-0.8681557774543762},"size":2.8578836917877199,"orthographic":false}