{"cameraMode":{"drawMode":0,"name":"Shaded","section":"Shading Mode"},"sceneLighting":true,"audioPlay":false,"sceneViewState":{"showFog":true,"showMaterialUpdate":false,"showSkybox":true,"showFlares":true,"showImageEffects":true,"showParticleSystems":true},"in2DMode":false,"pivot":{"x":2.339250326156616,"y":-14.809539794921875,"z":-2.9150335788726808},"rotation":{"x":-0.11344104260206223,"y":-0.8132780194282532,"z":0.5450289249420166,"w":-0.16927355527877809},"size":18.9809513092041,"orthographic":false}